key,name_vi,name_en,definition_vi,definition_en,include_rule,exclude_rule,keywords,isced_hint,overlaps,status
it_product_project_management,Product Owner / Project Manager trong CNTT (PO/PM),IT Product Owner / Project Manager (PO/PM),Chương trình đào tạo cho vai trò Product Owner (PO — chịu trách nhiệm về sản phẩm) hoặc Project Manager (PM — quản lý dự án) trong lĩnh vực CNTT.,Programmes that prepare for the Product Owner (PO — accountable for the product) or Project Manager (PM — manages the project) role in the IT field.,"Cần CẢ HAI, mỗi điều có trích đoạn: (1) trang nêu quản lý sản phẩm / product ownership hoặc quản lý dự án là mục tiêu chính hoặc có trong học phần bắt buộc; (2) trang nêu rõ định hướng CNTT / phần mềm / sản phẩm số.","Quản lý dự án ngoài CNTT (xây dựng, sự kiện, y tế, cơ khí…); MBA / quản trị kinh doanh tổng quát không nêu định hướng CNTT; quản lý dự án chỉ là một môn tự chọn.","product owner, product management, digital product management, project manager, project management, IT project management, IT management, technology management, management of technology, innovation management, digital transformation, agile, scrum",0413 + một mã nhóm 06,business_analysis,draft
business_analysis,Phân tích nghiệp vụ (Business Analysis),Business analysis,"Chương trình đào tạo phân tích yêu cầu và quy trình nghiệp vụ, làm cầu nối giữa nghiệp vụ và hệ thống CNTT trong bối cảnh chuyển đổi số.","Programmes that train requirements and business process analysis, bridging business needs and IT systems in a digital transformation context.","Cần CẢ HAI, mỗi điều có trích đoạn: (1) trang nêu phân tích nghiệp vụ, phân tích yêu cầu, phân tích quy trình nghiệp vụ hoặc business analytics là mục tiêu chính hoặc có trong học phần bắt buộc; (2) trang nêu rõ bối cảnh CNTT / hệ thống thông tin / dữ liệu / chuyển đổi số.","Phân tích tài chính, kế toán, kinh tế học thuần túy; MBA / quản trị kinh doanh tổng quát chỉ có một môn phân tích; chương trình lấy thống kê / học máy làm trọng tâm kỹ thuật mà không nói về nghiệp vụ (xếp vào data_science_ai).","business analysis, business analytics, requirements engineering, requirements analysis, business process management, business informatics, information systems analysis, digital business, enterprise systems","0413 và/hoặc 0613, 0688","it_product_project_management, data_analytics","draft — hiện giới hạn trong bối cảnh CNTT (chủ dự án chốt 2026-10-07); có thể mở rộng sau bằng phiên bản tiêu chí mới, giữ nguyên mã"
software_engineering,Kỹ sư phần mềm,Software engineering,"Chương trình đào tạo thiết kế, xây dựng, kiểm thử và bảo trì hệ thống phần mềm.","Programmes that train the design, construction, testing and maintenance of software systems.","Có trích đoạn cho thấy kỹ thuật phần mềm / phát triển phần mềm là lĩnh vực chính, HOẶC phần lớn học phần bắt buộc thuộc kiến trúc phần mềm, phát triển, kiểm thử, hệ phân tán, quy trình phần mềm.","Lập trình chỉ là công cụ cho lĩnh vực khác (kinh tế lượng, tin sinh học…) trừ khi trang nêu phần mềm là lĩnh vực chính; chương trình khoa học máy tính thuần lý thuyết không có học phần phát triển / kỹ thuật phần mềm bắt buộc.","software engineering, software development, software systems, software architecture, distributed systems, programming, full-stack, web development, mobile development, DevOps",0613,"cloud_devops_infrastructure, game_development",draft
data_science_ai,Khoa học dữ liệu và Trí tuệ nhân tạo,Data science and artificial intelligence,"Chương trình đào tạo phương pháp học máy, trí tuệ nhân tạo, thống kê tính toán và xây dựng mô hình từ dữ liệu.","Programmes that train machine learning, artificial intelligence, computational statistics and building models from data.","Có trích đoạn cho thấy học máy, trí tuệ nhân tạo hoặc khoa học dữ liệu là lĩnh vực chính, HOẶC có trong học phần bắt buộc cùng với lập trình / toán học tính toán.",Chỉ có một môn AI / học máy tự chọn; phân tích dữ liệu phục vụ báo cáo kinh doanh không xây dựng mô hình (xếp vào data_analytics); thống kê thuần không có thành phần tính toán / lập trình.,"data science, machine learning, artificial intelligence, AI, deep learning, computational statistics, natural language processing, computer vision, statistical learning","0613, 0542, 0688","data_analytics, data_engineering",draft
data_analytics,Phân tích dữ liệu / Business Intelligence,Data analytics / business intelligence,"Chương trình đào tạo thu thập, phân tích và trực quan hóa dữ liệu để hỗ trợ ra quyết định trong tổ chức.","Programmes that train collecting, analysing and visualising data to support decisions in organisations.","Có trích đoạn cho thấy phân tích dữ liệu, business intelligence hoặc analytics là mục tiêu chính hoặc có trong học phần bắt buộc, kèm công cụ / kỹ thuật dữ liệu (SQL, trực quan hóa, kho dữ liệu, thống kê ứng dụng).",Chỉ có một môn phân tích dữ liệu trong chương trình thuộc lĩnh vực khác; chương trình lấy xây dựng mô hình học máy làm trọng tâm (xếp vào data_science_ai); phân tích tài chính / kế toán thuần.,"data analytics, business intelligence, analytics, data visualisation, data visualization, data warehousing, applied statistics, decision support","0613, 0542, 0413, 0688","business_analysis, data_science_ai",draft
data_engineering,Kỹ sư dữ liệu,Data engineering,"Chương trình đào tạo thiết kế và vận hành hệ thống lưu trữ, xử lý và truyền dữ liệu quy mô lớn.","Programmes that train designing and operating large-scale systems for storing, processing and moving data.","Có trích đoạn cho thấy cơ sở dữ liệu, dữ liệu lớn, đường ống dữ liệu (data pipeline) hoặc hệ thống xử lý dữ liệu phân tán là trọng tâm hoặc có trong học phần bắt buộc.",Chỉ có một môn cơ sở dữ liệu cơ bản; chương trình phân tích dữ liệu không xây dựng hệ thống dữ liệu (xếp vào data_analytics).,"data engineering, big data, data management, database systems, data pipelines, distributed data processing, data infrastructure","0612, 0613","data_science_ai, cloud_devops_infrastructure",draft
cybersecurity,An ninh mạng,Cybersecurity,"Chương trình đào tạo bảo vệ hệ thống, mạng và dữ liệu khỏi tấn công; quản lý rủi ro an toàn thông tin.","Programmes that train protecting systems, networks and data from attacks, and managing information security risk.","Có trích đoạn cho thấy an ninh mạng / an toàn thông tin là lĩnh vực chính, HOẶC phần lớn học phần bắt buộc thuộc bảo mật (mật mã, an ninh mạng, kiểm thử xâm nhập, quản trị an toàn thông tin).",Chỉ có một môn bảo mật tự chọn; luật / chính sách về dữ liệu không có thành phần kỹ thuật hoặc quản trị an ninh CNTT; an ninh vật lý / quốc phòng không liên quan CNTT.,"cybersecurity, cyber security, information security, network security, cryptography, digital forensics, penetration testing, security management, privacy engineering","0612, 0613, 0688",cloud_devops_infrastructure,draft
cloud_devops_infrastructure,"Điện toán đám mây, DevOps và hạ tầng mạng","Cloud, DevOps and network infrastructure","Chương trình đào tạo thiết kế, triển khai và vận hành hạ tầng CNTT: mạng, hệ thống, điện toán đám mây và quy trình DevOps.","Programmes that train designing, deploying and operating IT infrastructure: networks, systems, cloud computing and DevOps practices.","Có trích đoạn cho thấy mạng máy tính, quản trị hệ thống, điện toán đám mây hoặc DevOps là trọng tâm hoặc có trong học phần bắt buộc.",Viễn thông thuần phần cứng / tín hiệu không có thành phần mạng máy tính (thường thuộc 0714); chỉ có một môn đám mây tự chọn.,"cloud computing, DevOps, network engineering, computer networks, systems administration, IT infrastructure, distributed systems, site reliability",0612,"software_engineering, cybersecurity, data_engineering",draft
ux_design,Thiết kế UX,UX design,"Chương trình đào tạo nghiên cứu người dùng và thiết kế trải nghiệm, giao diện cho sản phẩm số.",Programmes that train user research and the design of experiences and interfaces for digital products.,"Cần CẢ HAI, mỗi điều có trích đoạn: (1) trang nêu thiết kế UX / trải nghiệm người dùng hoặc nghiên cứu người dùng là mục tiêu chính hoặc có trong học phần bắt buộc; (2) đối tượng thiết kế là sản phẩm / hệ thống số.","Thiết kế đồ họa, thời trang, nội thất hoặc sản phẩm vật lý không có thành phần số (thuộc 0212 nhưng không vào hướng nghề này); chỉ có một môn UX tự chọn.","human-computer interaction, HCI, interaction design, user experience, UX design, user research, usability, service design, digital design","0613, 0212, 0688",it_product_project_management,draft
embedded_iot,Hệ thống nhúng và Internet vạn vật (IoT),Embedded systems and IoT,"Chương trình đào tạo phần mềm và phần cứng cho thiết bị nhúng, cảm biến và hệ thống kết nối (IoT).","Programmes that train software and hardware for embedded devices, sensors and connected systems (IoT).","Có trích đoạn cho thấy hệ thống nhúng, IoT hoặc hệ thống thời gian thực là trọng tâm hoặc có trong học phần bắt buộc, kèm thành phần lập trình / phần mềm.",Điện tử / tự động hóa thuần phần cứng không có thành phần phần mềm; robot cơ khí không có lập trình hệ thống.,"embedded systems, Internet of Things, IoT, cyber-physical systems, real-time systems, microcontrollers, embedded software","0714, 0613, 0688",software_engineering,draft
game_development,Phát triển trò chơi,Game development,Chương trình đào tạo thiết kế và lập trình trò chơi điện tử và ứng dụng tương tác.,Programmes that train designing and programming video games and interactive applications.,"Có trích đoạn cho thấy phát triển / lập trình / thiết kế trò chơi là lĩnh vực chính hoặc có trong học phần bắt buộc, kèm thành phần lập trình.",Thiết kế đồ họa / hoạt hình thuần nghệ thuật không có lập trình (thuộc 0211 / 0213); nghiên cứu trò chơi thuần lý luận văn hóa.,"game development, game programming, game design, interactive media, computer graphics, game engines, serious games","0613, 0211, 0688","software_engineering, ux_design",draft
