code,level,parent_code,name_en,name_vi,source_page,verified_by,verified_on
00,1,,Generic programmes and qualifications,Chương trình và văn bằng phổ thông chung,54,Ky Vu,2026-10-07
000,2,00,Generic programmes and qualifications not further defined,"Chương trình và văn bằng phổ thông chung, không xác định thêm",54,Ky Vu,2026-10-07
0000,3,000,Generic programmes and qualifications not further defined,"Chương trình và văn bằng phổ thông chung, không xác định thêm",54,Ky Vu,2026-10-07
001,2,00,Basic programmes and qualifications,Chương trình và văn bằng cơ bản,54,Ky Vu,2026-10-07
0011,3,001,Basic programmes and qualifications,Chương trình và văn bằng cơ bản,54,Ky Vu,2026-10-07
002,2,00,Literacy and numeracy,Đọc viết và tính toán,54,Ky Vu,2026-10-07
0021,3,002,Literacy and numeracy,Đọc viết và tính toán,54,Ky Vu,2026-10-07
003,2,00,Personal skills and development,Kỹ năng và phát triển cá nhân,54,Ky Vu,2026-10-07
0031,3,003,Personal skills and development,Kỹ năng và phát triển cá nhân,54,Ky Vu,2026-10-07
009,2,00,Generic programmes and qualifications not elsewhere classified,"Chương trình và văn bằng phổ thông chung khác, chưa phân vào đâu",54,Ky Vu,2026-10-07
0099,3,009,Generic programmes and qualifications not elsewhere classified,"Chương trình và văn bằng phổ thông chung khác, chưa phân vào đâu",54,Ky Vu,2026-10-07
01,1,,Education,Giáo dục,54,Ky Vu,2026-10-07
011,2,01,Education,Giáo dục,54,Ky Vu,2026-10-07
0110,3,011,Education not further defined,"Giáo dục, không xác định thêm",54,Ky Vu,2026-10-07
0111,3,011,Education science,Khoa học giáo dục,54,Ky Vu,2026-10-07
0112,3,011,Training for pre-school teachers,Đào tạo giáo viên mầm non,54,Ky Vu,2026-10-07
0113,3,011,Teacher training without subject specialisation,Đào tạo giáo viên không chuyên môn theo môn,54,Ky Vu,2026-10-07
0114,3,011,Teacher training with subject specialisation,Đào tạo giáo viên chuyên môn theo môn,54,Ky Vu,2026-10-07
0119,3,011,Education not elsewhere classified,"Giáo dục khác, chưa phân vào đâu",54,Ky Vu,2026-10-07
018,2,01,Inter-disciplinary programmes and qualifications involving education,Chương trình và văn bằng liên ngành có giáo dục,54,Ky Vu,2026-10-07
0188,3,018,Inter-disciplinary programmes and qualifications involving education,Chương trình và văn bằng liên ngành có giáo dục,54,Ky Vu,2026-10-07
02,1,,Arts and humanities,Nghệ thuật và nhân văn,54,Ky Vu,2026-10-07
020,2,02,Arts and humanities not further defined,"Nghệ thuật và nhân văn, không xác định thêm",54,Ky Vu,2026-10-07
0200,3,020,Arts and humanities not further defined,"Nghệ thuật và nhân văn, không xác định thêm",54,Ky Vu,2026-10-07
021,2,02,Arts,Nghệ thuật,54,Ky Vu,2026-10-07
0210,3,021,Arts not further defined,"Nghệ thuật, không xác định thêm",54,Ky Vu,2026-10-07
0211,3,021,Audio-visual techniques and media production,Kỹ thuật nghe nhìn và sản xuất truyền thông,54,Ky Vu,2026-10-07
0212,3,021,"Fashion, interior and industrial design","Thiết kế thời trang, nội thất và công nghiệp",54,Ky Vu,2026-10-07
0213,3,021,Fine arts,Mỹ thuật,54,Ky Vu,2026-10-07
0214,3,021,Handicrafts,Thủ công,54,Ky Vu,2026-10-07
0215,3,021,Music and performing arts,Âm nhạc và nghệ thuật biểu diễn,54,Ky Vu,2026-10-07
0219,3,021,Arts not elsewhere classified,"Nghệ thuật khác, chưa phân vào đâu",54,Ky Vu,2026-10-07
022,2,02,Humanities (except languages),Nhân văn (trừ ngôn ngữ),54,Ky Vu,2026-10-07
0220,3,022,Humanities (except languages) not further defined,"Nhân văn (trừ ngôn ngữ), không xác định thêm",54,Ky Vu,2026-10-07
0221,3,022,Religion and theology,Tôn giáo và thần học,54,Ky Vu,2026-10-07
0222,3,022,History and archaeology,Lịch sử và khảo cổ học,54,Ky Vu,2026-10-07
0223,3,022,Philosophy and ethics,Triết học và đạo đức học,54,Ky Vu,2026-10-07
0229,3,022,Humanities (except languages) not elsewhere classified,"Nhân văn (trừ ngôn ngữ) khác, chưa phân vào đâu",54,Ky Vu,2026-10-07
023,2,02,Languages,Ngôn ngữ,54,Ky Vu,2026-10-07
0230,3,023,Languages not further defined,"Ngôn ngữ, không xác định thêm",54,Ky Vu,2026-10-07
0231,3,023,Language acquisition,Học ngoại ngữ,54,Ky Vu,2026-10-07
0232,3,023,Literature and linguistics,Văn học và ngôn ngữ học,54,Ky Vu,2026-10-07
0239,3,023,Languages not elsewhere classified,"Ngôn ngữ khác, chưa phân vào đâu",54,Ky Vu,2026-10-07
028,2,02,Inter-disciplinary programmes and qualifications involving arts and humanities,Chương trình và văn bằng liên ngành có nghệ thuật và nhân văn,54,Ky Vu,2026-10-07
0288,3,028,Inter-disciplinary programmes and qualifications involving arts and humanities,Chương trình và văn bằng liên ngành có nghệ thuật và nhân văn,54,Ky Vu,2026-10-07
029,2,02,Arts and humanities not elsewhere classified,"Nghệ thuật và nhân văn khác, chưa phân vào đâu",54,Ky Vu,2026-10-07
0299,3,029,Arts and humanities not elsewhere classified,"Nghệ thuật và nhân văn khác, chưa phân vào đâu",54,Ky Vu,2026-10-07
03,1,,"Social sciences, journalism and information","Khoa học xã hội, báo chí và thông tin",55,Ky Vu,2026-10-07
030,2,03,"Social sciences, journalism and information not further defined","Khoa học xã hội, báo chí và thông tin, không xác định thêm",55,Ky Vu,2026-10-07
0300,3,030,"Social sciences, journalism and information not further defined","Khoa học xã hội, báo chí và thông tin, không xác định thêm",55,Ky Vu,2026-10-07
031,2,03,Social and behavioural sciences,Khoa học xã hội và hành vi,55,Ky Vu,2026-10-07
0310,3,031,Social and behavioural sciences not further defined,"Khoa học xã hội và hành vi, không xác định thêm",55,Ky Vu,2026-10-07
0311,3,031,Economics,Kinh tế học,55,Ky Vu,2026-10-07
0312,3,031,Political sciences and civics,Khoa học chính trị và giáo dục công dân,55,Ky Vu,2026-10-07
0313,3,031,Psychology,Tâm lý học,55,Ky Vu,2026-10-07
0314,3,031,Sociology and cultural studies,Xã hội học và nghiên cứu văn hóa,55,Ky Vu,2026-10-07
0319,3,031,Social and behavioural sciences not elsewhere classified,"Khoa học xã hội và hành vi khác, chưa phân vào đâu",55,Ky Vu,2026-10-07
032,2,03,Journalism and information,Báo chí và thông tin,55,Ky Vu,2026-10-07
0320,3,032,Journalism and information not further defined,"Báo chí và thông tin, không xác định thêm",55,Ky Vu,2026-10-07
0321,3,032,Journalism and reporting,Báo chí và đưa tin,55,Ky Vu,2026-10-07
0322,3,032,"Library, information and archival studies","Thư viện, thông tin và lưu trữ",55,Ky Vu,2026-10-07
0329,3,032,Journalism and information not elsewhere classified,"Báo chí và thông tin khác, chưa phân vào đâu",55,Ky Vu,2026-10-07
038,2,03,"Inter-disciplinary programmes and qualifications involving social sciences, journalism and information","Chương trình và văn bằng liên ngành có khoa học xã hội, báo chí và thông tin",55,Ky Vu,2026-10-07
0388,3,038,"Inter-disciplinary programmes and qualifications involving social sciences, journalism and information","Chương trình và văn bằng liên ngành có khoa học xã hội, báo chí và thông tin",55,Ky Vu,2026-10-07
039,2,03,"Social sciences, journalism and information not elsewhere classified","Khoa học xã hội, báo chí và thông tin khác, chưa phân vào đâu",55,Ky Vu,2026-10-07
0399,3,039,"Social sciences, journalism and information not elsewhere classified","Khoa học xã hội, báo chí và thông tin khác, chưa phân vào đâu",55,Ky Vu,2026-10-07
04,1,,"Business, administration and law","Kinh doanh, quản lý và luật",55,Ky Vu,2026-10-07
040,2,04,"Business, administration and law not further defined","Kinh doanh, quản lý và luật, không xác định thêm",55,Ky Vu,2026-10-07
0400,3,040,"Business, administration and law not further defined","Kinh doanh, quản lý và luật, không xác định thêm",55,Ky Vu,2026-10-07
041,2,04,Business and administration,Kinh doanh và quản lý,55,Ky Vu,2026-10-07
0410,3,041,Business and administration not further defined,"Kinh doanh và quản lý, không xác định thêm",55,Ky Vu,2026-10-07
0411,3,041,Accounting and taxation,Kế toán và thuế,55,Ky Vu,2026-10-07
0412,3,041,"Finance, banking and insurance","Tài chính, ngân hàng và bảo hiểm",55,Ky Vu,2026-10-07
0413,3,041,Management and administration,Quản trị và quản lý,55,Ky Vu,2026-10-07
0414,3,041,Marketing and advertising,Marketing và quảng cáo,55,Ky Vu,2026-10-07
0415,3,041,Secretarial and office work,Thư ký và công việc văn phòng,55,Ky Vu,2026-10-07
0416,3,041,Wholesale and retail sales,Bán buôn và bán lẻ,55,Ky Vu,2026-10-07
0417,3,041,Work skills,Kỹ năng làm việc,55,Ky Vu,2026-10-07
0419,3,041,Business and administration not elsewhere classified,"Kinh doanh và quản lý khác, chưa phân vào đâu",55,Ky Vu,2026-10-07
042,2,04,Law,Luật,55,Ky Vu,2026-10-07
0421,3,042,Law,Luật,55,Ky Vu,2026-10-07
048,2,04,"Inter-disciplinary programmes and qualifications involving business, administration and law","Chương trình và văn bằng liên ngành có kinh doanh, quản lý và luật",55,Ky Vu,2026-10-07
0488,3,048,"Inter-disciplinary programmes and qualifications involving business, administration and law","Chương trình và văn bằng liên ngành có kinh doanh, quản lý và luật",55,Ky Vu,2026-10-07
049,2,04,"Business, administration and law not elsewhere classified","Kinh doanh, quản lý và luật khác, chưa phân vào đâu",55,Ky Vu,2026-10-07
0499,3,049,"Business, administration and law not elsewhere classified","Kinh doanh, quản lý và luật khác, chưa phân vào đâu",55,Ky Vu,2026-10-07
05,1,,"Natural sciences, mathematics and statistics","Khoa học tự nhiên, toán học và thống kê",56,Ky Vu,2026-10-07
050,2,05,"Natural sciences, mathematics and statistics not further defined","Khoa học tự nhiên, toán học và thống kê, không xác định thêm",56,Ky Vu,2026-10-07
0500,3,050,"Natural sciences, mathematics and statistics not further defined","Khoa học tự nhiên, toán học và thống kê, không xác định thêm",56,Ky Vu,2026-10-07
051,2,05,Biological and related sciences,Sinh học và các khoa học liên quan,56,Ky Vu,2026-10-07
0510,3,051,Biological and related sciences not further defined,"Sinh học và các khoa học liên quan, không xác định thêm",56,Ky Vu,2026-10-07
0511,3,051,Biology,Sinh học,56,Ky Vu,2026-10-07
0512,3,051,Biochemistry,Hóa sinh,56,Ky Vu,2026-10-07
0519,3,051,Biological and related sciences not elsewhere classified,"Sinh học và các khoa học liên quan khác, chưa phân vào đâu",56,Ky Vu,2026-10-07
052,2,05,Environment,Môi trường,56,Ky Vu,2026-10-07
0520,3,052,Environment not further defined,"Môi trường, không xác định thêm",56,Ky Vu,2026-10-07
0521,3,052,Environmental sciences,Khoa học môi trường,56,Ky Vu,2026-10-07
0522,3,052,Natural environments and wildlife,Môi trường tự nhiên và động vật hoang dã,56,Ky Vu,2026-10-07
0529,3,052,Environment not elsewhere classified,"Môi trường khác, chưa phân vào đâu",56,Ky Vu,2026-10-07
053,2,05,Physical sciences,Khoa học vật chất,56,Ky Vu,2026-10-07
0530,3,053,Physical sciences not further defined,"Khoa học vật chất, không xác định thêm",56,Ky Vu,2026-10-07
0531,3,053,Chemistry,Hóa học,56,Ky Vu,2026-10-07
0532,3,053,Earth sciences,Khoa học trái đất,56,Ky Vu,2026-10-07
0533,3,053,Physics,Vật lý,56,Ky Vu,2026-10-07
0539,3,053,Physical sciences not elsewhere classified,"Khoa học vật chất khác, chưa phân vào đâu",56,Ky Vu,2026-10-07
054,2,05,Mathematics and statistics,Toán học và thống kê,56,Ky Vu,2026-10-07
0540,3,054,Mathematics and statistics not further defined,"Toán học và thống kê, không xác định thêm",56,Ky Vu,2026-10-07
0541,3,054,Mathematics,Toán học,56,Ky Vu,2026-10-07
0542,3,054,Statistics,Thống kê,56,Ky Vu,2026-10-07
058,2,05,"Inter-disciplinary programmes and qualifications involving natural sciences, mathematics and statistics","Chương trình và văn bằng liên ngành có khoa học tự nhiên, toán học và thống kê",56,Ky Vu,2026-10-07
0588,3,058,"Inter-disciplinary programmes and qualifications involving natural sciences, mathematics and statistics","Chương trình và văn bằng liên ngành có khoa học tự nhiên, toán học và thống kê",56,Ky Vu,2026-10-07
059,2,05,"Natural sciences, mathematics and statistics not elsewhere classified","Khoa học tự nhiên, toán học và thống kê khác, chưa phân vào đâu",56,Ky Vu,2026-10-07
0599,3,059,"Natural sciences, mathematics and statistics not elsewhere classified","Khoa học tự nhiên, toán học và thống kê khác, chưa phân vào đâu",56,Ky Vu,2026-10-07
06,1,,Information and Communication Technologies (ICTs),Công nghệ thông tin và truyền thông (ICT),56,Ky Vu,2026-10-07
061,2,06,Information and Communication Technologies (ICTs),Công nghệ thông tin và truyền thông (ICT),56,Ky Vu,2026-10-07
0610,3,061,Information and Communication Technologies (ICTs) not further defined,"Công nghệ thông tin và truyền thông (ICT), không xác định thêm",56,Ky Vu,2026-10-07
0611,3,061,Computer use,Sử dụng máy tính,56,Ky Vu,2026-10-07
0612,3,061,Database and network design and administration,Thiết kế và quản trị cơ sở dữ liệu và mạng,56,Ky Vu,2026-10-07
0613,3,061,Software and applications development and analysis,Phát triển và phân tích phần mềm và ứng dụng,56,Ky Vu,2026-10-07
0619,3,061,Information and Communication Technologies (ICTs) not elsewhere classified,"Công nghệ thông tin và truyền thông (ICT) khác, chưa phân vào đâu",56,Ky Vu,2026-10-07
068,2,06,Inter-disciplinary programmes and qualifications involving Information and Communication Technologies (ICTs),Chương trình và văn bằng liên ngành có công nghệ thông tin và truyền thông (ICT),56,Ky Vu,2026-10-07
0688,3,068,Inter-disciplinary programmes and qualifications involving Information and Communication Technologies (ICTs),Chương trình và văn bằng liên ngành có công nghệ thông tin và truyền thông (ICT),56,Ky Vu,2026-10-07
07,1,,"Engineering, manufacturing and construction","Kỹ thuật, sản xuất và xây dựng",57,Ky Vu,2026-10-07
070,2,07,"Engineering, manufacturing and construction not further defined","Kỹ thuật, sản xuất và xây dựng, không xác định thêm",57,Ky Vu,2026-10-07
0700,3,070,"Engineering, manufacturing and construction not further defined","Kỹ thuật, sản xuất và xây dựng, không xác định thêm",57,Ky Vu,2026-10-07
071,2,07,Engineering and engineering trades,Kỹ thuật và nghề kỹ thuật,57,Ky Vu,2026-10-07
0710,3,071,Engineering and engineering trades not further defined,"Kỹ thuật và nghề kỹ thuật, không xác định thêm",57,Ky Vu,2026-10-07
0711,3,071,Chemical engineering and processes,Kỹ thuật hóa học và quy trình,57,Ky Vu,2026-10-07
0712,3,071,Environmental protection technology,Công nghệ bảo vệ môi trường,57,Ky Vu,2026-10-07
0713,3,071,Electricity and energy,Điện và năng lượng,57,Ky Vu,2026-10-07
0714,3,071,Electronics and automation,Điện tử và tự động hóa,57,Ky Vu,2026-10-07
0715,3,071,Mechanics and metal trades,Cơ khí và nghề kim loại,57,Ky Vu,2026-10-07
0716,3,071,"Motor vehicles, ships and aircraft","Xe cơ giới, tàu thủy và máy bay",57,Ky Vu,2026-10-07
0719,3,071,Engineering and engineering trades not elsewhere classified,"Kỹ thuật và nghề kỹ thuật khác, chưa phân vào đâu",57,Ky Vu,2026-10-07
072,2,07,Manufacturing and processing,Sản xuất và chế biến,57,Ky Vu,2026-10-07
0720,3,072,Manufacturing and processing not further defined,"Sản xuất và chế biến, không xác định thêm",57,Ky Vu,2026-10-07
0721,3,072,Food processing,Chế biến thực phẩm,57,Ky Vu,2026-10-07
0722,3,072,"Materials (glass, paper, plastic and wood)","Vật liệu (thủy tinh, giấy, nhựa và gỗ)",57,Ky Vu,2026-10-07
0723,3,072,"Textiles (clothes, footwear and leather)","Dệt may (quần áo, giày dép và da)",57,Ky Vu,2026-10-07
0724,3,072,Mining and extraction,Khai mỏ và khai thác,57,Ky Vu,2026-10-07
0729,3,072,Manufacturing and processing not elsewhere classified,"Sản xuất và chế biến khác, chưa phân vào đâu",57,Ky Vu,2026-10-07
073,2,07,Architecture and construction,Kiến trúc và xây dựng,57,Ky Vu,2026-10-07
0730,3,073,Architecture and construction not further defined,"Kiến trúc và xây dựng, không xác định thêm",57,Ky Vu,2026-10-07
0731,3,073,Architecture and town planning,Kiến trúc và quy hoạch đô thị,57,Ky Vu,2026-10-07
0732,3,073,Building and civil engineering,Xây dựng dân dụng và công trình,57,Ky Vu,2026-10-07
078,2,07,"Inter-disciplinary programmes and qualifications involving engineering, manufacturing and construction","Chương trình và văn bằng liên ngành có kỹ thuật, sản xuất và xây dựng",57,Ky Vu,2026-10-07
0788,3,078,"Inter-disciplinary programmes and qualifications involving engineering, manufacturing and construction","Chương trình và văn bằng liên ngành có kỹ thuật, sản xuất và xây dựng",57,Ky Vu,2026-10-07
079,2,07,"Engineering, manufacturing and construction not elsewhere classified","Kỹ thuật, sản xuất và xây dựng khác, chưa phân vào đâu",57,Ky Vu,2026-10-07
0799,3,079,"Engineering, manufacturing and construction not elsewhere classified","Kỹ thuật, sản xuất và xây dựng khác, chưa phân vào đâu",57,Ky Vu,2026-10-07
08,1,,"Agriculture, forestry, fisheries and veterinary","Nông nghiệp, lâm nghiệp, thủy sản và thú y",57,Ky Vu,2026-10-07
080,2,08,"Agriculture, forestry, fisheries and veterinary not further defined","Nông nghiệp, lâm nghiệp, thủy sản và thú y, không xác định thêm",57,Ky Vu,2026-10-07
0800,3,080,"Agriculture, forestry, fisheries and veterinary not further defined","Nông nghiệp, lâm nghiệp, thủy sản và thú y, không xác định thêm",57,Ky Vu,2026-10-07
081,2,08,Agriculture,Nông nghiệp,57,Ky Vu,2026-10-07
0810,3,081,Agriculture not further defined,"Nông nghiệp, không xác định thêm",57,Ky Vu,2026-10-07
0811,3,081,Crop and livestock production,Trồng trọt và chăn nuôi,57,Ky Vu,2026-10-07
0812,3,081,Horticulture,Làm vườn,57,Ky Vu,2026-10-07
0819,3,081,Agriculture not elsewhere classified,"Nông nghiệp khác, chưa phân vào đâu",57,Ky Vu,2026-10-07
082,2,08,Forestry,Lâm nghiệp,57,Ky Vu,2026-10-07
0821,3,082,Forestry,Lâm nghiệp,57,Ky Vu,2026-10-07
083,2,08,Fisheries,Thủy sản,57,Ky Vu,2026-10-07
0831,3,083,Fisheries,Thủy sản,57,Ky Vu,2026-10-07
084,2,08,Veterinary,Thú y,57,Ky Vu,2026-10-07
0841,3,084,Veterinary,Thú y,57,Ky Vu,2026-10-07
088,2,08,"Inter-disciplinary programmes and qualifications involving agriculture, forestry, fisheries and veterinary","Chương trình và văn bằng liên ngành có nông nghiệp, lâm nghiệp, thủy sản và thú y",57,Ky Vu,2026-10-07
0888,3,088,"Inter-disciplinary programmes and qualifications involving agriculture, forestry, fisheries and veterinary","Chương trình và văn bằng liên ngành có nông nghiệp, lâm nghiệp, thủy sản và thú y",57,Ky Vu,2026-10-07
089,2,08,"Agriculture, forestry, fisheries and veterinary not elsewhere classified","Nông nghiệp, lâm nghiệp, thủy sản và thú y khác, chưa phân vào đâu",57,Ky Vu,2026-10-07
0899,3,089,"Agriculture, forestry, fisheries and veterinary not elsewhere classified","Nông nghiệp, lâm nghiệp, thủy sản và thú y khác, chưa phân vào đâu",57,Ky Vu,2026-10-07
09,1,,Health and welfare,Sức khỏe và phúc lợi xã hội,58,Ky Vu,2026-10-07
090,2,09,Health and welfare not further defined,"Sức khỏe và phúc lợi xã hội, không xác định thêm",58,Ky Vu,2026-10-07
0900,3,090,Health and welfare not further defined,"Sức khỏe và phúc lợi xã hội, không xác định thêm",58,Ky Vu,2026-10-07
091,2,09,Health,Sức khỏe,58,Ky Vu,2026-10-07
0910,3,091,Health not further defined,"Sức khỏe, không xác định thêm",58,Ky Vu,2026-10-07
0911,3,091,Dental studies,Nha khoa,58,Ky Vu,2026-10-07
0912,3,091,Medicine,Y khoa,58,Ky Vu,2026-10-07
0913,3,091,Nursing and midwifery,Điều dưỡng và hộ sinh,58,Ky Vu,2026-10-07
0914,3,091,Medical diagnostic and treatment technology,Công nghệ chẩn đoán và điều trị y khoa,58,Ky Vu,2026-10-07
0915,3,091,Therapy and rehabilitation,Trị liệu và phục hồi chức năng,58,Ky Vu,2026-10-07
0916,3,091,Pharmacy,Dược,58,Ky Vu,2026-10-07
0917,3,091,Traditional and complementary medicine and therapy,Y học cổ truyền và bổ sung,58,Ky Vu,2026-10-07
0919,3,091,Health not elsewhere classified,"Sức khỏe khác, chưa phân vào đâu",58,Ky Vu,2026-10-07
092,2,09,Welfare,Phúc lợi xã hội,58,Ky Vu,2026-10-07
0920,3,092,Welfare not further defined,"Phúc lợi xã hội, không xác định thêm",58,Ky Vu,2026-10-07
0921,3,092,Care of the elderly and of disabled adults,Chăm sóc người cao tuổi và người lớn khuyết tật,58,Ky Vu,2026-10-07
0922,3,092,Child care and youth services,Chăm sóc trẻ em và dịch vụ thanh thiếu niên,58,Ky Vu,2026-10-07
0923,3,092,Social work and counselling,Công tác xã hội và tư vấn,58,Ky Vu,2026-10-07
0929,3,092,Welfare not elsewhere classified,"Phúc lợi xã hội khác, chưa phân vào đâu",58,Ky Vu,2026-10-07
098,2,09,Inter-disciplinary programmes and qualifications involving health and welfare,Chương trình và văn bằng liên ngành có sức khỏe và phúc lợi xã hội,58,Ky Vu,2026-10-07
0988,3,098,Inter-disciplinary programmes and qualifications involving health and welfare,Chương trình và văn bằng liên ngành có sức khỏe và phúc lợi xã hội,58,Ky Vu,2026-10-07
099,2,09,Health and welfare not elsewhere classified,"Sức khỏe và phúc lợi xã hội khác, chưa phân vào đâu",58,Ky Vu,2026-10-07
0999,3,099,Health and welfare not elsewhere classified,"Sức khỏe và phúc lợi xã hội khác, chưa phân vào đâu",58,Ky Vu,2026-10-07
10,1,,Services,Dịch vụ,58,Ky Vu,2026-10-07
100,2,10,Services not further defined,"Dịch vụ, không xác định thêm",58,Ky Vu,2026-10-07
1000,3,100,Services not further defined,"Dịch vụ, không xác định thêm",58,Ky Vu,2026-10-07
101,2,10,Personal services,Dịch vụ cá nhân,58,Ky Vu,2026-10-07
1010,3,101,Personal services not further defined,"Dịch vụ cá nhân, không xác định thêm",58,Ky Vu,2026-10-07
1011,3,101,Domestic services,Dịch vụ gia đình,58,Ky Vu,2026-10-07
1012,3,101,Hair and beauty services,Dịch vụ làm tóc và làm đẹp,58,Ky Vu,2026-10-07
1013,3,101,"Hotel, restaurants and catering","Khách sạn, nhà hàng và dịch vụ ăn uống",58,Ky Vu,2026-10-07
1014,3,101,Sports,Thể thao,58,Ky Vu,2026-10-07
1015,3,101,"Travel, tourism and leisure","Du lịch, lữ hành và giải trí",58,Ky Vu,2026-10-07
1019,3,101,Personal services not elsewhere classified,"Dịch vụ cá nhân khác, chưa phân vào đâu",58,Ky Vu,2026-10-07
102,2,10,Hygiene and occupational health services,Dịch vụ vệ sinh và sức khỏe nghề nghiệp,58,Ky Vu,2026-10-07
1020,3,102,Hygiene and occupational health services not further defined,"Dịch vụ vệ sinh và sức khỏe nghề nghiệp, không xác định thêm",58,Ky Vu,2026-10-07
1021,3,102,Community sanitation,Vệ sinh công cộng,58,Ky Vu,2026-10-07
1022,3,102,Occupational health and safety,An toàn và sức khỏe nghề nghiệp,58,Ky Vu,2026-10-07
1029,3,102,Hygiene and occupational health services not elsewhere classified,"Dịch vụ vệ sinh và sức khỏe nghề nghiệp khác, chưa phân vào đâu",58,Ky Vu,2026-10-07
103,2,10,Security services,Dịch vụ an ninh,58,Ky Vu,2026-10-07
1030,3,103,Security services not further defined,"Dịch vụ an ninh, không xác định thêm",58,Ky Vu,2026-10-07
1031,3,103,Military and defence,Quân sự và quốc phòng,58,Ky Vu,2026-10-07
1032,3,103,Protection of persons and property,Bảo vệ người và tài sản,58,Ky Vu,2026-10-07
1039,3,103,Security services not elsewhere classified,"Dịch vụ an ninh khác, chưa phân vào đâu",58,Ky Vu,2026-10-07
104,2,10,Transport services,Dịch vụ vận tải,58,Ky Vu,2026-10-07
1041,3,104,Transport services,Dịch vụ vận tải,58,Ky Vu,2026-10-07
108,2,10,Inter-disciplinary programmes and qualifications involving services,Chương trình và văn bằng liên ngành có dịch vụ,58,Ky Vu,2026-10-07
1088,3,108,Inter-disciplinary programmes and qualifications involving services,Chương trình và văn bằng liên ngành có dịch vụ,58,Ky Vu,2026-10-07
109,2,10,Services not elsewhere classified,"Dịch vụ khác, chưa phân vào đâu",58,Ky Vu,2026-10-07
1099,3,109,Services not elsewhere classified,"Dịch vụ khác, chưa phân vào đâu",58,Ky Vu,2026-10-07
99,1,,Field unknown,Không rõ lĩnh vực,58,Ky Vu,2026-10-07
999,2,99,Field unknown,Không rõ lĩnh vực,58,Ky Vu,2026-10-07
9999,3,999,Field unknown,Không rõ lĩnh vực,58,Ky Vu,2026-10-07